{
  "score_min": -0.70860486872877,
  "score_max": -0.36183134861042415
}